{
    "ERM": {
        "id_val_eval": {
            "acc_avg": 0.7608729004859924,
            "10th_percentile_acc": 0.6000000238418579,
            "acc_avg_std": 0.0002843714219193546,
            "10th_percentile_acc_std": 0.0
        },
        "val_eval": {
            "acc_avg": 0.7458670735359192,
            "10th_percentile_acc": 0.5733333230018616,
            "acc_avg_std": 0.0011478513524692056,
            "10th_percentile_acc_std": 0.0
        },
        "id_test_eval": {
            "acc_avg": 0.7547359863917033,
            "10th_percentile_acc": 0.5746666550636292,
            "acc_avg_std": 0.00034819175275110665,
            "10th_percentile_acc_std": 0.0018856162848986636
        },
        "test_eval": {
            "acc_avg": 0.7368882298469543,
            "10th_percentile_acc": 0.5600000023841858,
            "acc_avg_std": 0.0007962706828613116,
            "10th_percentile_acc_std": 0.0
        }
    },
    "groupDRO": {},
    "deepCORAL": {},
    "IRM": {}
}