{
    "ERM": {
        "id_val_eval": {
            "acc_avg": 0.9894606709480286,
            "acc_avg_std": 0.0009095773995486146
        },
        "val_eval": {
            "acc_avg": 0.789496910572052,
            "acc_avg_std": 0.03764606682652722
        },
        "test_eval": {
            "acc_avg": 0.658297085762024,
            "acc_avg_std": 0.07862481780181381
        }
    },
    "groupDRO": {},
    "deepCORAL": {},
    "IRM": {}
}