{
    "ERM": {
        "id_val_eval": {
            "acc_avg": 0.9894606709480286,
            "acc_avg_std": 0.0009095773995486146
        },
        "val_eval": {
            "acc_avg": 0.8254154324531555,
            "acc_avg_std": 0.028370961593940484
        },
        "test_eval": {
            "acc_avg": 0.6777799963951111,
            "acc_avg_std": 0.06939511224006545
        }
    },
    "groupDRO": {},
    "deepCORAL": {},
    "IRM": {}
}