{
    "ERM": {
        "id_val_eval": {
            "acc_avg": 0.9714797536532084,
            "F1-macro_all": 0.8168408177668276,
            "acc_avg_std": 0.0001808661759096976,
            "F1-macro_all_std": 0.007463733054157809
        },
        "val_eval": {
            "acc_avg": 0.5792276263237,
            "F1-macro_all": 0.30572353049244033,
            "acc_avg_std": 0.0037049401642520138,
            "F1-macro_all_std": 0.010206550532806688
        },
        "id_test_eval": {
            "acc_avg": 0.9646779298782349,
            "F1-macro_all": 0.8345618230195587,
            "acc_avg_std": 0.0010087997938801256,
            "F1-macro_all_std": 0.012907980052717075
        },
        "test_eval": {
            "acc_avg": 0.6345855792363485,
            "F1-macro_all": 0.26693929776996683,
            "acc_avg_std": 0.0029574063090081273,
            "F1-macro_all_std": 0.006371549090519973
        }
    },
    "groupDRO": {},
    "deepCORAL": {},
    "IRM": {}
}