{
    "ERM": {
        "id_val_eval": {
            "acc_avg": 0.9714797536532084,
            "F1-macro_all": 0.8168408177668276,
            "acc_avg_std": 0.0001808661759096976,
            "F1-macro_all_std": 0.007463733054157809
        },
        "val_eval": {
            "acc_avg": 0.5641839901606241,
            "F1-macro_all": 0.29222442616695804,
            "acc_avg_std": 0.011690052811727317,
            "F1-macro_all_std": 0.013640371453388095
        },
        "id_test_eval": {
            "acc_avg": 0.9646779298782349,
            "F1-macro_all": 0.8345618230195587,
            "acc_avg_std": 0.0010087997938801256,
            "F1-macro_all_std": 0.012907980052717075
        },
        "test_eval": {
            "acc_avg": 0.6308365265528361,
            "F1-macro_all": 0.2726463834051907,
            "acc_avg_std": 0.009543362516009296,
            "F1-macro_all_std": 0.003389273433713974
        }
    },
    "groupDRO": {},
    "deepCORAL": {},
    "IRM": {}
}