{
    "ERM": {
        "id_val_eval": {
            "r_all": 0.8475374464650705,
            "r_urban:0": 0.6725410885882626,
            "r_urban:1": 0.6988475740748379,
            "r_wg": 0.6663442200427141,
            "r_all_std": 0.010026187693414613,
            "r_urban:0_std": 0.02577567744215926,
            "r_urban:1_std": 0.04259498826091002,
            "r_wg_std": 0.032782588392983515
        },
        "val_eval": {
            "r_all": 0.7814998013528618,
            "r_urban:0": 0.44850886288461567,
            "r_urban:1": 0.5859261921661535,
            "r_wg": 0.4329058080485396,
            "r_all_std": 0.029882986343213062,
            "r_urban:0_std": 0.04200422508888748,
            "r_urban:1_std": 0.0674151590271592,
            "r_wg_std": 0.06050721072620045
        },
        "id_test_eval": {
            "r_all": 0.8491574493775561,
            "r_urban:0": 0.6501172596466455,
            "r_urban:1": 0.6792444453772438,
            "r_wg": 0.6320735722976765,
            "r_all_std": 0.008323188327981748,
            "r_urban:0_std": 0.03830536259830545,
            "r_urban:1_std": 0.028975919179127008,
            "r_wg_std": 0.0413671491603674
        },
        "test_eval": {
            "r_all": 0.7741901103106976,
            "r_urban:0": 0.4622081840477856,
            "r_urban:1": 0.5818136044832283,
            "r_wg": 0.45461545726910657,
            "r_all_std": 0.03759441367975312,
            "r_urban:0_std": 0.048114190657281765,
            "r_urban:1_std": 0.09432147407425354,
            "r_wg_std": 0.05129877025280227
        }
    },
    "groupDRO": {},
    "deepCORAL": {},
    "IRM": {}
}