{
    "ERM": {
        "id_val_eval": {
            "acc_avg": 0.9495023906230926,
            "acc_avg_std": 0.03250098814864183
        },
        "val_eval": {
            "acc_avg": 0.8553690135478973,
            "acc_avg_std": 0.021227604091107213
        },
        "test_eval": {
            "acc_avg": 0.7507736325263977,
            "acc_avg_std": 0.08824145629016364
        }
    },
    "groupDRO": {},
    "deepCORAL": {
        "id_val_eval": {
            "acc_avg": 0.9494576871395111,
            "acc_avg_std": 0.03767936199575923
        },
        "val_eval": {
            "acc_avg": 0.8708543360233307,
            "acc_avg_std": 0.013078134635308719
        },
        "test_eval": {
            "acc_avg": 0.715427839756012,
            "acc_avg_std": 0.10469490917930818
        }
    },
    "IRM": {
        "id_val_eval": {
            "acc_avg": 0.9546185970306397,
            "acc_avg_std": 0.017282067393123424
        },
        "val_eval": {
            "acc_avg": 0.8563946843147278,
            "acc_avg_std": 0.019908262669697523
        },
        "test_eval": {
            "acc_avg": 0.6968984365463257,
            "acc_avg_std": 0.06967098381138481
        }
    }
}