{
    "ERM": {
        "val_eval": {
            "acc_avg": 0.9292238354682922,
            "acc_wg": 0.5675475796063741,
            "acc_avg_std": 0.0007919478803235774,
            "acc_wg_std": 0.014744506187796911
        },
        "test_eval": {
            "acc_avg": 0.9288369417190552,
            "acc_wg": 0.6222222248713175,
            "acc_avg_std": 0.00040824113946674376,
            "acc_wg_std": 0.011054270758987022
        }
    },
    "groupDRO": {},
    "deepCORAL": {},
    "IRM": {},
    "erm_groupby-y": {
        "val_eval": {
            "acc_avg": 0.9142245848973592,
            "acc_wg": 0.65683646996816,
            "acc_avg_std": 0.000779058390043732,
            "acc_wg_std": 0.009569481735066703
        },
        "test_eval": {
            "acc_avg": 0.9128308097521464,
            "acc_wg": 0.6605697075525919,
            "acc_avg_std": 0.0005683650616286191,
            "acc_wg_std": 0.006907421143785611
        }
    },
    "erm_groupby-black-y": {
        "val_eval": {
            "acc_avg": 0.9049726923306783,
            "acc_wg": 0.6840615073839823,
            "acc_avg_std": 0.00041696773180605783,
            "acc_wg_std": 0.00629026898969032
        },
        "test_eval": {
            "acc_avg": 0.9039158225059509,
            "acc_wg": 0.6834161281585693,
            "acc_avg_std": 0.0008926338707059559,
            "acc_wg_std": 0.012243190397661178
        }
    },
    "groupDRO_groupby-y": {
        "val_eval": {
            "acc_avg": 0.9151394367218018,
            "acc_wg": 0.6465759674708048,
            "acc_avg_std": 0.0005060219671228757,
            "acc_wg_std": 0.0022233586505456893
        },
        "test_eval": {
            "acc_avg": 0.9140517115592957,
            "acc_wg": 0.6778610746065775,
            "acc_avg_std": 0.0007954194503334316,
            "acc_wg_std": 0.02517115045587081
        }
    },
    "groupDRO_groupby-black-y": {
        "val_eval": {
            "acc_avg": 0.9081378181775411,
            "acc_wg": 0.683728814125061,
            "acc_avg_std": 0.001963819267385083,
            "acc_wg_std": 0.012070300821041768
        },
        "test_eval": {
            "acc_avg": 0.9058792193730673,
            "acc_wg": 0.7010762691497803,
            "acc_avg_std": 0.0020443914058049825,
            "acc_wg_std": 0.01331961713199383
        }
    }
}