{
    "ERM": {
        "id_val_eval": {
            "acc_avg": 0.6109611392021179,
            "acc_worst_region": 0.5864971081415812,
            "acc_avg_std": 0.0013459930341297363,
            "acc_worst_region_std": 0.004902079891905905
        },
        "val_eval": {
            "acc_avg": 0.5961335698763529,
            "acc_worst_region": 0.5089248617490133,
            "acc_avg_std": 0.0008609920301083245,
            "acc_worst_region_std": 0.0015532132802297284
        },
        "id_test_eval": {
            "acc_avg": 0.5979517896970113,
            "acc_worst_region": 0.5735287467638651,
            "acc_avg_std": 0.0020337537941575398,
            "acc_worst_region_std": 0.0017400192458688721
        },
        "test_eval": {
            "acc_avg": 0.5292805035909017,
            "acc_worst_region": 0.32767709096272785,
            "acc_avg_std": 0.001396770328485201,
            "acc_worst_region_std": 0.003676655613802556
        }
    },
    "groupDRO": {},
    "deepCORAL": {
        "id_val_eval": {
            "acc_avg": 0.586809496084849,
            "acc_worst_region": 0.5496709744135538,
            "acc_avg_std": 0.002567979540968419,
            "acc_worst_region_std": 0.003256054316744716
        },
        "val_eval": {
            "acc_avg": 0.572198490301768,
            "acc_worst_region": 0.4802822669347127,
            "acc_avg_std": 0.0016675825059726767,
            "acc_worst_region_std": 0.009226283811477515
        },
        "id_test_eval": {
            "acc_avg": 0.5735557874043783,
            "acc_worst_region": 0.5398058096567789,
            "acc_avg_std": 0.0023048191189967387,
            "acc_worst_region_std": 0.0007927122450190722
        },
        "test_eval": {
            "acc_avg": 0.5054128170013428,
            "acc_worst_region": 0.3100655674934387,
            "acc_avg_std": 0.0014428920348510486,
            "acc_worst_region_std": 0.0028859684778301193
        }
    },
    "IRM": {
        "id_val_eval": {
            "acc_avg": 0.5907863775889078,
            "acc_worst_region": 0.5661857724189758,
            "acc_avg_std": 0.0005553436251398852,
            "acc_worst_region_std": 0.003038525815594174
        },
        "val_eval": {
            "acc_avg": 0.5727675954500834,
            "acc_worst_region": 0.5080946485201517,
            "acc_avg_std": 0.0020619603569495284,
            "acc_worst_region_std": 0.008687611880887982
        },
        "id_test_eval": {
            "acc_avg": 0.5770283341407776,
            "acc_worst_region": 0.554110030333201,
            "acc_avg_std": 0.002693293629888113,
            "acc_worst_region_std": 0.007231247190610118
        },
        "test_eval": {
            "acc_avg": 0.504538337389628,
            "acc_worst_region": 0.3347473939259847,
            "acc_avg_std": 0.002902483628117704,
            "acc_worst_region_std": 0.011020966347599966
        }
    }
}