{
    "ERM": {
        "id_val_eval": {
            "acc_avg": 0.9652981956799825,
            "F1-macro_all": 0.7809330008529999,
            "acc_avg_std": 0.005549590773992445,
            "F1-macro_all_std": 0.01909496878827113
        },
        "val_eval": {
            "acc_avg": 0.5779606103897095,
            "F1-macro_all": 0.3059939010246626,
            "acc_avg_std": 0.0032680564321768764,
            "F1-macro_all_std": 0.004179016140072252
        },
        "id_test_eval": {
            "acc_avg": 0.961285670598348,
            "F1-macro_all": 0.8211731721689182,
            "acc_avg_std": 0.008640535559531362,
            "F1-macro_all_std": 0.026837922546123792
        },
        "test_eval": {
            "acc_avg": 0.6359551350275675,
            "F1-macro_all": 0.26595944686301737,
            "acc_avg_std": 0.009238663610975415,
            "F1-macro_all_std": 0.007130268104033981
        }
    },
    "groupDRO": {},
    "deepCORAL": {
        "id_val_eval": {
            "acc_avg": 0.9245854020118713,
            "F1-macro_all": 0.6487868587567451,
            "acc_avg_std": 0.0035355631189691494,
            "F1-macro_all_std": 0.04960177186837527
        },
        "val_eval": {
            "acc_avg": 0.5715293884277344,
            "F1-macro_all": 0.29266452103604,
            "acc_avg_std": 0.004592510781475344,
            "F1-macro_all_std": 0.004717626391819258
        },
        "id_test_eval": {
            "acc_avg": 0.9158715804417928,
            "F1-macro_all": 0.6425489019467454,
            "acc_avg_std": 0.005520918018417819,
            "F1-macro_all_std": 0.0517142223743753
        },
        "test_eval": {
            "acc_avg": 0.6304171085357666,
            "F1-macro_all": 0.2571219960717906,
            "acc_avg_std": 0.009728722007157782,
            "F1-macro_all_std": 0.009721941875635926
        }
    },
    "IRM": {
        "id_val_eval": {
            "acc_avg": 0.6229270497957865,
            "F1-macro_all": 0.16843185038563688,
            "acc_avg_std": 0.006934097314215122,
            "F1-macro_all_std": 0.02628509913183309
        },
        "val_eval": {
            "acc_avg": 0.4448133111000061,
            "F1-macro_all": 0.14183213398500907,
            "acc_avg_std": 0.010247478645705509,
            "F1-macro_all_std": 0.006676118732853633
        },
        "id_test_eval": {
            "acc_avg": 0.6101852854092916,
            "F1-macro_all": 0.15599913699472223,
            "acc_avg_std": 0.008426875357194915,
            "F1-macro_all_std": 0.01705100874960662
        },
        "test_eval": {
            "acc_avg": 0.48611217737197876,
            "F1-macro_all": 0.1388138163075048,
            "acc_avg_std": 0.009385482490009842,
            "F1-macro_all_std": 0.00963472694151973
        }
    }
}