{
    "ERM": {
        "val_eval": {
            "ap": 0.27848981293961567,
            "ap_std": 0.0006964820510102581
        },
        "test_eval": {
            "ap": 0.2724898081557803,
            "ap_std": 0.0025485282577350117
        }
    },
    "groupDRO": {},
    "deepCORAL": {
        "val_eval": {
            "ap": 0.18396965213362315,
            "ap_std": 0.0017353374201194804
        },
        "test_eval": {
            "ap": 0.1790766922322186,
            "ap_std": 0.003692059909942878
        }
    },
    "IRM": {
        "val_eval": {
            "ap": 0.15819880970787717,
            "ap_std": 0.001260864413986999
        },
        "test_eval": {
            "ap": 0.15574300573361952,
            "ap_std": 0.0023092038057872994
        }
    }
}