{
    "ERM": {
        "id_val_eval": {
            "r_all": 0.8295855822796032,
            "r_urban:0": 0.6093249659390558,
            "r_urban:1": 0.6338071920988021,
            "r_wg": 0.6172370897286846,
            "r_all_std": 0.015151582352724421,
            "r_urban:0_std": 0.03331131751799737,
            "r_urban:1_std": 0.06327944205009423,
            "r_wg_std": 0.022444444455654845
        },
        "val_eval": {
            "r_all": 0.8012662736827252,
            "r_urban:0": 0.5286372567173341,
            "r_urban:1": 0.631652649870295,
            "r_wg": 0.5156694064217295,
            "r_all_std": 0.029382549208907816,
            "r_urban:0_std": 0.04664515886129495,
            "r_urban:1_std": 0.0708014803766245,
            "r_wg_std": 0.04233039736475085
        },
        "id_test_eval": {
            "r_all": 0.8367973568915833,
            "r_urban:0": 0.6190250482479671,
            "r_urban:1": 0.649253950507388,
            "r_wg": 0.6239172018841993,
            "r_all_std": 0.022968627634544114,
            "r_urban:0_std": 0.03927719578985787,
            "r_urban:1_std": 0.02318421771431784,
            "r_wg_std": 0.03176842766189584
        },
        "test_eval": {
            "r_all": 0.7854845116419008,
            "r_urban:0": 0.4809681434113912,
            "r_urban:1": 0.6014993964626143,
            "r_wg": 0.45860597295259264,
            "r_all_std": 0.03929504473012046,
            "r_urban:0_std": 0.08420799755274182,
            "r_urban:1_std": 0.10366477184283619,
            "r_wg_std": 0.06503412514679076
        }
    },
    "groupDRO": {},
    "deepCORAL": {
        "id_val_eval": {
            "r_all": 0.8179463020110427,
            "r_urban:0": 0.5908482532139522,
            "r_urban:1": 0.6472044826979924,
            "r_wg": 0.5923477168600344,
            "r_all_std": 0.016900844700601547,
            "r_urban:0_std": 0.035344164460685466,
            "r_urban:1_std": 0.04955879705463165,
            "r_wg_std": 0.03559173552298669
        },
        "val_eval": {
            "r_all": 0.8095065342649919,
            "r_urban:0": 0.5220563573337704,
            "r_urban:1": 0.6354496415766071,
            "r_wg": 0.5045257804434862,
            "r_all_std": 0.03264051265825041,
            "r_urban:0_std": 0.05324806826881317,
            "r_urban:1_std": 0.0753457233028463,
            "r_wg_std": 0.038538346500052986
        },
        "id_test_eval": {
            "r_all": 0.8267410629858004,
            "r_urban:0": 0.5907187128872567,
            "r_urban:1": 0.6590385666247446,
            "r_wg": 0.5768500558244284,
            "r_all_std": 0.013757157157585527,
            "r_urban:0_std": 0.07298493031768451,
            "r_urban:1_std": 0.02587904518288173,
            "r_wg_std": 0.060105312751130846
        },
        "test_eval": {
            "r_all": 0.7921222572432093,
            "r_urban:0": 0.4814331015699517,
            "r_urban:1": 0.6084429891869668,
            "r_wg": 0.466846048978522,
            "r_all_std": 0.03348436017081728,
            "r_urban:0_std": 0.02235126366447158,
            "r_urban:1_std": 0.08668760984319591,
            "r_wg_std": 0.0268625382024596
        }
    },
    "IRM": {
        "id_val_eval": {
            "r_all": 0.8288517632829343,
            "r_urban:0": 0.5563342784224713,
            "r_urban:1": 0.6548489464351739,
            "r_wg": 0.6065593689181711,
            "r_all_std": 0.00572499901251427,
            "r_urban:0_std": 0.11882131977909631,
            "r_urban:1_std": 0.042614052160218865,
            "r_wg_std": 0.027437922532507635
        },
        "val_eval": {
            "r_all": 0.8134935838758798,
            "r_urban:0": 0.5529842055037559,
            "r_urban:1": 0.641597234297481,
            "r_wg": 0.5423683011950372,
            "r_all_std": 0.0307767643717726,
            "r_urban:0_std": 0.04779339005466122,
            "r_urban:1_std": 0.07332916092283898,
            "r_wg_std": 0.04920672336657704
        },
        "id_test_eval": {
            "r_all": 0.8324684036197885,
            "r_urban:0": 0.5659460318066543,
            "r_urban:1": 0.6558207663282476,
            "r_wg": 0.5971674168852477,
            "r_all_std": 0.017559505114838433,
            "r_urban:0_std": 0.08647853019301505,
            "r_urban:1_std": 0.02946884550708766,
            "r_wg_std": 0.03358791433861798
        },
        "test_eval": {
            "r_all": 0.7909911497090903,
            "r_urban:0": 0.4727207409209676,
            "r_urban:1": 0.5606438483023235,
            "r_wg": 0.48481199234648703,
            "r_all_std": 0.023355979258462865,
            "r_urban:0_std": 0.04949949773516221,
            "r_urban:1_std": 0.08727078234971974,
            "r_wg_std": 0.04005808838142344
        }
    }
}